{
    "current_task": "task pspw gradient",
    "dbname": "w2-pspw",
    "foundtask": false,
    "geometries": {
        "geometry": {
            "autosym": 0,
            "autoz": 0,
            "center": 1,
            "charges": [
                74.0,
                74.0
            ],
            "conv": 1.88972598858,
            "coords": [
                0.0,
                0.0,
                -2.173184886867,
                0.0,
                0.0,
                2.173184886867
            ],
            "masses": [
                183.951,
                183.951
            ],
            "nion": 2,
            "symbols": [
                "W",
                "W"
            ],
            "velocities": [
                0.0,
                0.0,
                0.0,
                0.0,
                0.0,
                0.0
            ]
        }
    },
    "geometry": null,
    "nwinput_cur": 24,
    "nwinput_lines": [
        "Title \"Hellow Dolly\"",
        "",
        "memory 1900 mb",
        "start w2-pspw",
        "echo",
        "",
        "",
        "",
        "geometry noautosym noautoz center",
        "W 0 0 0    ",
        "W 0 0 2.3  ",
        "end",
        "",
        "nwpw",
        "   simulation_cell",
        "     SC 20.0",
        "   end",
        "   cutoff 20.0",
        "   xc beef",
        "end",
        "",
        "task pspw gradient",
        "",
        ""
    ],
    "nwinput_nlines": 24,
    "nwpw": {
        "cutoff": [
            20.0,
            40.0
        ],
        "simulation_cell": {
            "unita": [
                20.0,
                0.0,
                0.0,
                0.0,
                20.0,
                0.0,
                0.0,
                0.0,
                20.0
            ]
        },
        "xc": "beef",
	"apc":{"on":true}
    },
    "permanent_dir": ".",
    "psp_library_dir": "",
    "pspw": {
        "eigenvalues": [
            -0.1362203466912019,
            -0.16599015455140698,
            -0.18804690195660134,
            -0.2009022221514341,
            -0.2009114718004976,
            -0.22608901551944924
        ],
        "energies": [
            -19.386361266387933,
            -2.2363202253411827,
            12.056086535837377,
            -8.821534942920875,
            -1.740836619784234,
            13.2008277243924,
            -20.4908238457099,
            -13.590080118202735,
            24.112173071674754,
            -5.468417057495736,
            0.0,
            0.0,
            0.0,
            0.0,
            0.0,
            0.0,
            0.0,
            0.0,
            0.0,
            0.0
        ],
        "energy": -19.386361266387933,
        "fion": [
            0.007125932269872324,
            -0.02090412617808888,
            -0.040784071881918516,
            -0.007129528005492989,
            0.020918941207273663,
            0.04081718818417886
        ],
        "gradient": [
            -0.007125932269872324,
            0.02090412617808888,
            0.040784071881918516,
            0.007129528005492989,
            -0.020918941207273663,
            -0.04081718818417886
        ]
    },
    "scratch_dir": ".",
    "title": "Hellow Dolly"
}
